{"name":"app","classpathEntries":[{"kind":"binary","path":"/Library/Java/JavaVirtualMachines/jdk1.8.0_211.jdk/Contents/Home/jre/lib/resources.jar","javadocContainerUrl":"https://docs.oracle.com/javase/1/docs/api/","isSystem":true,"isOwn":false,"isTest":false,"isJavaContent":false},{"kind":"binary","path":"/Library/Java/JavaVirtualMachines/jdk1.8.0_211.jdk/Contents/Home/jre/lib/rt.jar","javadocContainerUrl":"https://docs.oracle.com/javase/1/docs/api/","isSystem":true,"isOwn":false,"isTest":false,"isJavaContent":false},{"kind":"binary","path":"/Library/Java/JavaVirtualMachines/jdk1.8.0_211.jdk/Contents/Home/jre/lib/jsse.jar","javadocContainerUrl":"https://docs.oracle.com/javase/1/docs/api/","isSystem":true,"isOwn":false,"isTest":false,"isJavaContent":false},{"kind":"binary","path":"/Library/Java/JavaVirtualMachines/jdk1.8.0_211.jdk/Contents/Home/jre/lib/jce.jar","javadocContainerUrl":"https://docs.oracle.com/javase/1/docs/api/","isSystem":true,"isOwn":false,"isTest":false,"isJavaContent":false},{"kind":"binary","path":"/Library/Java/JavaVirtualMachines/jdk1.8.0_211.jdk/Contents/Home/jre/lib/charsets.jar","javadocContainerUrl":"https://docs.oracle.com/javase/1/docs/api/","isSystem":true,"isOwn":false,"isTest":false,"isJavaContent":false},{"kind":"binary","path":"/Library/Java/JavaVirtualMachines/jdk1.8.0_211.jdk/Contents/Home/jre/lib/jfr.jar","javadocContainerUrl":"https://docs.oracle.com/javase/1/docs/api/","isSystem":true,"isOwn":false,"isTest":false,"isJavaContent":false}]}